TrainSplit,TestSplit,ntree,Accuracy
1%,99%,750,0.961114
10%,90%,330,0.999982
30%,70%,200,0.999977
70%,30%,100,1
